<?xml version="1.0" encoding="UTF-8" ?>
<!DOCTYPE mapper PUBLIC "-//mybatis.org//DTD Mapper 3.0//EN" "http://mybatis.org/dtd/mybatis-3-mapper.dtd" >
<mapper namespace="com.baomidou.mybatisplus.samples.tenant.mapper.UserMapper">

    <select id="myCount" resultType="java.lang.Integer">
        select count(1) from user
    </select>

    <select id="getUserAndAddr" resultType="com.baomidou.mybatisplus.samples.tenant.entity.User">
        select u.id, u.name, a.name as addr_name
        from user u
        left join user_addr a on a.user_id=u.id
        <where>
            <if test="username!=null">
                u.name like concat(concat('%',#{username}),'%')
            </if>
        </where>
    </select>

    <select id="getAddrAndUser" resultType="com.baomidou.mybatisplus.samples.tenant.entity.User">
        select a.name as addr_name, u.id, u.name
        from user_addr a
        left join user u on u.id=a.user_id
        <where>
            <if test="name!=null">
                a.name like concat(concat('%',#{name}),'%')
            </if>
        </where>
    </select>
</mapper>